Target_Name,TEST,,,,,,
Target,ggtggtgtagggattatagagtcgctttc,# Target Sequence from Steven's Update Aug. 26,,,,,aaagctgaggaggtggtgtagggattatagagtcgctttcaagataaatt
Salt_Correction,0.15,For Monovalent Salt, * Default uses 50 nM concentration for strands and 50 mM Na+ - with no salf correction Na=1M,** Depends on Buffer Used,,,
Temperature,20,Please provide in  C,,,,,
ΔGibbs_PHT_Maximum,-42.7,kcal/mol,,,,,
ΔGibbs_PHT_Minimum,-23,kcal/mol,,,,,
ToeHold_Minimum,5,For Toe Hold 1 - Toe Hold 2 has to be larger,,,,,
ΔΔGibbs_PHT_PPH,5,,,,,,
P_Hairpin_Minimum,3,,,,,,
Probe_Spacer,aaaaa,# 5 a long,,,,,
Fuel_Loop,ttttt,# 5 t long,,,,,
F_Hairpin_Minimum,3,,,,,,
ΔΔGibbs_FPH_TPH_Maximum,0,Want the ΔΔGibbs to be more negative than ΔΔGibbs_PHT_PPH,,,,,
ΔΔGibbs_FPH_TPH_Minimum,-2,Previously used -2 (too tight of a window),,,,,
